1.jpg,20
2.jpg,23
3.jpg,14
4.jpg,54
5.jpg,45
6.jpg,45
7.jpg,47
8.jpg,10
9.jpg,15
10.jpg,56
11.jpg,43
12.jpg,50
13.jpg,52
14.jpg,19
15.jpg,37
16.jpg,57
17.jpg,21
18.jpg,37
19.jpg,2
20.jpg,18
21.jpg,20
22.jpg,13
23.jpg,11
24.jpg,40
25.jpg,54
26.jpg,39
27.jpg,55
28.jpg,7
29.jpg,0
30.jpg,22
31.jpg,3
32.jpg,56
33.jpg,26
34.jpg,33
35.jpg,1
36.jpg,31
37.jpg,7
38.jpg,49
39.jpg,2
40.jpg,3
41.jpg,3
42.jpg,13
43.jpg,17
44.jpg,0
45.jpg,53
46.jpg,14
47.jpg,17
48.jpg,50
49.jpg,45
50.jpg,8
51.jpg,17
52.jpg,45
53.jpg,55
54.jpg,15
55.jpg,52
56.jpg,24
57.jpg,52
58.jpg,45
59.jpg,36
60.jpg,41
61.jpg,29
62.jpg,17
63.jpg,8
64.jpg,19
65.jpg,18
66.jpg,4
67.jpg,52
68.jpg,39
69.jpg,6
70.jpg,25
71.jpg,58
72.jpg,35
73.jpg,22
74.jpg,57
75.jpg,8
76.jpg,43
77.jpg,18
78.jpg,44
79.jpg,59
80.jpg,54
81.jpg,56
82.jpg,6
83.jpg,55
84.jpg,32
85.jpg,7
86.jpg,41
87.jpg,56
88.jpg,7
89.jpg,41
90.jpg,43
91.jpg,14
92.jpg,50
93.jpg,51
94.jpg,3
95.jpg,28
96.jpg,39
97.jpg,35
98.jpg,59
99.jpg,0
100.jpg,44
101.jpg,55
102.jpg,21
103.jpg,25
104.jpg,26
105.jpg,5
106.jpg,7
107.jpg,38
108.jpg,48
109.jpg,8
110.jpg,27
111.jpg,4
112.jpg,54
113.jpg,35
114.jpg,22
115.jpg,4
116.jpg,27
117.jpg,30
118.jpg,27
119.jpg,40
120.jpg,46
121.jpg,49
122.jpg,36
123.jpg,30
124.jpg,0
125.jpg,17
126.jpg,51
127.jpg,48
128.jpg,9
129.jpg,28
130.jpg,50
131.jpg,11
132.jpg,4
133.jpg,26
134.jpg,2
135.jpg,24
136.jpg,23
137.jpg,11
138.jpg,21
139.jpg,54
140.jpg,50
141.jpg,8
142.jpg,48
143.jpg,13
144.jpg,7
145.jpg,10
146.jpg,34
147.jpg,2
148.jpg,29
149.jpg,30
150.jpg,35
151.jpg,16
152.jpg,29
153.jpg,59
154.jpg,31
155.jpg,22
156.jpg,58
157.jpg,48
158.jpg,16
159.jpg,12
160.jpg,6
161.jpg,56
162.jpg,45
163.jpg,24
164.jpg,13
165.jpg,10
166.jpg,50
167.jpg,59
168.jpg,42
169.jpg,51
170.jpg,10
171.jpg,34
172.jpg,45
173.jpg,30
174.jpg,34
175.jpg,3
176.jpg,58
177.jpg,5
178.jpg,3
179.jpg,48
180.jpg,51
181.jpg,21
182.jpg,26
183.jpg,17
184.jpg,20
185.jpg,3
186.jpg,50
187.jpg,6
188.jpg,10
189.jpg,49
190.jpg,1
191.jpg,43
192.jpg,6
193.jpg,59
194.jpg,26
195.jpg,56
196.jpg,1
197.jpg,39
198.jpg,4
199.jpg,42
200.jpg,37
201.jpg,48
202.jpg,40
203.jpg,58
204.jpg,35
205.jpg,31
206.jpg,17
207.jpg,40
208.jpg,54
209.jpg,57
210.jpg,44
211.jpg,34
212.jpg,34
213.jpg,26
214.jpg,47
215.jpg,55
216.jpg,45
217.jpg,14
218.jpg,1
219.jpg,25
220.jpg,7
221.jpg,41
222.jpg,4
223.jpg,53
224.jpg,37
225.jpg,15
226.jpg,41
227.jpg,31
228.jpg,41
229.jpg,4
230.jpg,15
231.jpg,43
232.jpg,28
233.jpg,16
234.jpg,33
235.jpg,15
236.jpg,46
237.jpg,44
238.jpg,44
239.jpg,51
240.jpg,36
241.jpg,20
242.jpg,58
243.jpg,42
244.jpg,7
245.jpg,16
246.jpg,17
247.jpg,20
248.jpg,11
249.jpg,10
250.jpg,23
251.jpg,23
252.jpg,43
253.jpg,46
254.jpg,34
255.jpg,3
256.jpg,50
257.jpg,59
258.jpg,30
259.jpg,42
260.jpg,23
261.jpg,46
262.jpg,47
263.jpg,45
264.jpg,45
265.jpg,16
266.jpg,26
267.jpg,55
268.jpg,34
269.jpg,9
270.jpg,7
271.jpg,1
272.jpg,44
273.jpg,30
274.jpg,17
275.jpg,53
276.jpg,23
277.jpg,58
278.jpg,41
279.jpg,36
280.jpg,14
281.jpg,16
282.jpg,17
283.jpg,18
284.jpg,34
285.jpg,37
286.jpg,5
287.jpg,48
288.jpg,32
289.jpg,21
290.jpg,9
291.jpg,45
292.jpg,53
293.jpg,36
294.jpg,13
295.jpg,19
296.jpg,10
297.jpg,35
298.jpg,17
299.jpg,29
300.jpg,58
301.jpg,39
302.jpg,7
303.jpg,49
304.jpg,38
305.jpg,36
306.jpg,46
307.jpg,19
308.jpg,12
309.jpg,32
310.jpg,9
311.jpg,20
312.jpg,32
313.jpg,30
314.jpg,47
315.jpg,19
316.jpg,20
317.jpg,35
318.jpg,21
319.jpg,6
320.jpg,16
321.jpg,44
322.jpg,50
323.jpg,16
324.jpg,54
325.jpg,35
326.jpg,7
327.jpg,57
328.jpg,7
329.jpg,17
330.jpg,25
331.jpg,25
332.jpg,59
333.jpg,51
334.jpg,10
335.jpg,28
336.jpg,12
337.jpg,9
338.jpg,32
339.jpg,1
340.jpg,57
341.jpg,22
342.jpg,22
343.jpg,53
344.jpg,25
345.jpg,24
346.jpg,23
347.jpg,56
348.jpg,19
349.jpg,21
350.jpg,5
351.jpg,36
352.jpg,37
353.jpg,47
354.jpg,34
355.jpg,13
356.jpg,42
357.jpg,38
358.jpg,18
359.jpg,32
360.jpg,37
361.jpg,53
362.jpg,48
363.jpg,54
364.jpg,55
365.jpg,32
366.jpg,52
367.jpg,15
368.jpg,25
369.jpg,31
370.jpg,0
371.jpg,4
372.jpg,24
373.jpg,58
374.jpg,15
375.jpg,30
376.jpg,4
377.jpg,9
378.jpg,6
379.jpg,57
380.jpg,10
381.jpg,1
382.jpg,47
383.jpg,43
384.jpg,1
385.jpg,30
386.jpg,37
387.jpg,43
388.jpg,49
389.jpg,28
390.jpg,57
391.jpg,20
392.jpg,42
393.jpg,50
394.jpg,33
395.jpg,40
396.jpg,0
397.jpg,11
398.jpg,48
399.jpg,30
400.jpg,9
401.jpg,12
402.jpg,26
403.jpg,56
404.jpg,52
405.jpg,20
406.jpg,33
407.jpg,31
408.jpg,16
409.jpg,31
410.jpg,39
411.jpg,41
412.jpg,39
413.jpg,1
414.jpg,11
415.jpg,58
416.jpg,49
417.jpg,29
418.jpg,31
419.jpg,51
420.jpg,33
421.jpg,30
422.jpg,19
423.jpg,34
424.jpg,38
425.jpg,44
426.jpg,27
427.jpg,59
428.jpg,23
429.jpg,52
430.jpg,12
431.jpg,1
432.jpg,28
433.jpg,22
434.jpg,18
435.jpg,59
436.jpg,39
437.jpg,44
438.jpg,23
439.jpg,12
440.jpg,52
441.jpg,36
442.jpg,5
443.jpg,57
444.jpg,13
445.jpg,57
446.jpg,10
447.jpg,9
448.jpg,13
449.jpg,36
450.jpg,26
451.jpg,5
452.jpg,59
453.jpg,18
454.jpg,5
455.jpg,27
456.jpg,56
457.jpg,5
458.jpg,21
459.jpg,12
460.jpg,42
461.jpg,18
462.jpg,10
463.jpg,20
464.jpg,11
465.jpg,28
466.jpg,41
467.jpg,38
468.jpg,41
469.jpg,43
470.jpg,0
471.jpg,31
472.jpg,24
473.jpg,5
474.jpg,10
475.jpg,53
476.jpg,39
477.jpg,0
478.jpg,37
479.jpg,51
480.jpg,36
481.jpg,38
482.jpg,53
483.jpg,6
484.jpg,0
485.jpg,18
486.jpg,26
487.jpg,51
488.jpg,4
489.jpg,31
490.jpg,40
491.jpg,5
492.jpg,30
493.jpg,49
494.jpg,27
495.jpg,46
496.jpg,38
497.jpg,50
498.jpg,54
499.jpg,29
500.jpg,2
501.jpg,21
502.jpg,51
503.jpg,24
504.jpg,0
505.jpg,14
506.jpg,13
507.jpg,30
508.jpg,24
509.jpg,52
510.jpg,56
511.jpg,57
512.jpg,49
513.jpg,46
514.jpg,33
515.jpg,2
516.jpg,40
517.jpg,3
518.jpg,58
519.jpg,25
520.jpg,28
521.jpg,8
522.jpg,46
523.jpg,29
524.jpg,12
525.jpg,25
526.jpg,2
527.jpg,6
528.jpg,44
529.jpg,30
530.jpg,3
531.jpg,32
532.jpg,18
533.jpg,0
534.jpg,38
535.jpg,14
536.jpg,39
537.jpg,6
538.jpg,29
539.jpg,53
540.jpg,11
541.jpg,23
542.jpg,18
543.jpg,23
544.jpg,20
545.jpg,59
546.jpg,58
547.jpg,47
548.jpg,39
549.jpg,20
550.jpg,27
551.jpg,42
552.jpg,18
553.jpg,25
554.jpg,33
555.jpg,28
556.jpg,16
557.jpg,22
558.jpg,52
559.jpg,57
560.jpg,28
561.jpg,18
562.jpg,33
563.jpg,58
564.jpg,2
565.jpg,25
566.jpg,44
567.jpg,12
568.jpg,11
569.jpg,26
570.jpg,46
571.jpg,15
572.jpg,11
573.jpg,16
574.jpg,3
575.jpg,34
576.jpg,54
577.jpg,20
578.jpg,14
579.jpg,32
580.jpg,38
581.jpg,13
582.jpg,42
583.jpg,19
584.jpg,59
585.jpg,9
586.jpg,32
587.jpg,21
588.jpg,46
589.jpg,55
590.jpg,53
591.jpg,55
592.jpg,35
593.jpg,24
594.jpg,38
595.jpg,23
596.jpg,40
597.jpg,25
598.jpg,33
599.jpg,54
600.jpg,43
601.jpg,33
602.jpg,26
603.jpg,43
604.jpg,10
605.jpg,47
606.jpg,59
607.jpg,6
608.jpg,11
609.jpg,13
610.jpg,46
611.jpg,12
612.jpg,54
613.jpg,0
614.jpg,42
615.jpg,6
616.jpg,49
617.jpg,26
618.jpg,55
619.jpg,20
620.jpg,20
621.jpg,52
622.jpg,34
623.jpg,2
624.jpg,1
625.jpg,39
626.jpg,19
627.jpg,2
628.jpg,12
629.jpg,42
630.jpg,52
631.jpg,8
632.jpg,16
633.jpg,14
634.jpg,28
635.jpg,55
636.jpg,53
637.jpg,47
638.jpg,8
639.jpg,21
640.jpg,42
641.jpg,8
642.jpg,53
643.jpg,53
644.jpg,26
645.jpg,1
646.jpg,51
647.jpg,9
648.jpg,18
649.jpg,50
650.jpg,33
651.jpg,4
652.jpg,14
653.jpg,3
654.jpg,9
655.jpg,9
656.jpg,16
657.jpg,36
658.jpg,33
659.jpg,39
660.jpg,40
661.jpg,41
662.jpg,7
663.jpg,6
664.jpg,25
665.jpg,14
666.jpg,40
667.jpg,35
668.jpg,49
669.jpg,10
670.jpg,22
671.jpg,15
672.jpg,8
673.jpg,36
674.jpg,59
675.jpg,29
676.jpg,58
677.jpg,52
678.jpg,31
679.jpg,24
680.jpg,50
681.jpg,13
682.jpg,29
683.jpg,30
684.jpg,8
685.jpg,31
686.jpg,13
687.jpg,19
688.jpg,35
689.jpg,56
690.jpg,47
691.jpg,34
692.jpg,31
693.jpg,6
694.jpg,48
695.jpg,1
696.jpg,25
697.jpg,57
698.jpg,15
699.jpg,56
700.jpg,43
701.jpg,36
702.jpg,37
703.jpg,27
704.jpg,45
705.jpg,14
706.jpg,5
707.jpg,42
708.jpg,57
709.jpg,10
710.jpg,22
711.jpg,46
712.jpg,17
713.jpg,48
714.jpg,45
715.jpg,19
716.jpg,8
717.jpg,3
718.jpg,29
719.jpg,49
720.jpg,58
721.jpg,28
722.jpg,46
723.jpg,35
724.jpg,4
725.jpg,57
726.jpg,41
727.jpg,41
728.jpg,19
729.jpg,33
730.jpg,14
731.jpg,42
732.jpg,48
733.jpg,15
734.jpg,37
735.jpg,35
736.jpg,51
737.jpg,16
738.jpg,4
739.jpg,1
740.jpg,33
741.jpg,24
742.jpg,22
743.jpg,12
744.jpg,40
745.jpg,52
746.jpg,29
747.jpg,32
748.jpg,22
749.jpg,0
750.jpg,54
751.jpg,24
752.jpg,49
753.jpg,55
754.jpg,7
755.jpg,55
756.jpg,47
757.jpg,42
758.jpg,59
759.jpg,14
760.jpg,46
761.jpg,37
762.jpg,27
763.jpg,24
764.jpg,52
765.jpg,31
766.jpg,29
767.jpg,23
768.jpg,2
769.jpg,24
770.jpg,28
771.jpg,0
772.jpg,48
773.jpg,9
774.jpg,47
775.jpg,13
776.jpg,2
777.jpg,34
778.jpg,11
779.jpg,2
780.jpg,23
781.jpg,48
782.jpg,19
783.jpg,40
784.jpg,21
785.jpg,35
786.jpg,39
787.jpg,19
788.jpg,21
789.jpg,24
790.jpg,49
791.jpg,46
792.jpg,12
793.jpg,26
794.jpg,47
795.jpg,14
796.jpg,32
797.jpg,15
798.jpg,27
799.jpg,56
800.jpg,7
801.jpg,29
802.jpg,44
803.jpg,32
804.jpg,13
805.jpg,32
806.jpg,28
807.jpg,36
808.jpg,38
809.jpg,50
810.jpg,22
811.jpg,8
812.jpg,38
813.jpg,12
814.jpg,37
815.jpg,5
816.jpg,9
817.jpg,17
818.jpg,11
819.jpg,27
820.jpg,22
821.jpg,56
822.jpg,40
823.jpg,51
824.jpg,27
825.jpg,50
826.jpg,57
827.jpg,16
828.jpg,15
829.jpg,5
830.jpg,27
831.jpg,44
832.jpg,8
833.jpg,2
834.jpg,15
835.jpg,3
836.jpg,32
837.jpg,15
838.jpg,45
839.jpg,19
840.jpg,53
841.jpg,33
842.jpg,11
843.jpg,38
844.jpg,51
845.jpg,43
846.jpg,27
847.jpg,29
848.jpg,47
849.jpg,54
850.jpg,43
851.jpg,45
852.jpg,5
853.jpg,21
854.jpg,5
855.jpg,48
856.jpg,4
857.jpg,37
858.jpg,39
859.jpg,23
860.jpg,36
861.jpg,38
862.jpg,38
863.jpg,4
864.jpg,34
865.jpg,37
866.jpg,55
867.jpg,25
868.jpg,0
869.jpg,53
870.jpg,40
871.jpg,44
872.jpg,3
873.jpg,27
874.jpg,28
875.jpg,51
876.jpg,21
877.jpg,18
878.jpg,1
879.jpg,41
880.jpg,9
881.jpg,49
882.jpg,22
883.jpg,58
884.jpg,35
885.jpg,56
886.jpg,47
887.jpg,11
888.jpg,31
889.jpg,49
890.jpg,12
891.jpg,54
892.jpg,2
893.jpg,44
894.jpg,55
895.jpg,6
896.jpg,41
897.jpg,17
898.jpg,40
899.jpg,43
900.jpg,8
